Metric,Naive Bayes,ANN
Mean Recall,0.3127272727272727,0.0
Recall Std,0.3006109481518601,0.0
Mean AUC,0.532666641276612,0.5
AUC Std,0.11135765941552044,0.0
