Metric,Naive Bayes,ANN
Recall,1.0,0.0
Precision,0.06666666666666667,0.0
F1,0.125,0.0
AUC,0.4727564102564102,0.5
