Model,F1-Score,ROC-AUC,Precision_0,Recall_0,Precision_1,Recall_1
Naive Bayes,0.17721518987341772,0.5971074380165289,0.9466666666666667,0.5378787878787878,0.10294117647058823,0.6363636363636364
ANN,0.14814814814814814,0.5433884297520661,0.9473684210526315,0.13636363636363635,0.08064516129032258,0.9090909090909091
