,precision,recall,f1-score,support
Iris-setosa,1.0,1.0,1.0,11.0
Iris-versicolor,0.8333333333333334,1.0,0.9090909090909091,10.0
Iris-virginica,1.0,0.7777777777777778,0.8750000000000001,9.0
accuracy,0.9333333333333333,0.9333333333333333,0.9333333333333333,0.9333333333333333
macro avg,0.9444444444444445,0.9259259259259259,0.9280303030303031,30.0
weighted avg,0.9444444444444445,0.9333333333333333,0.9321969696969696,30.0
