,petal length,petal width,sepal length,sepal width
Iris-setosa,1.4594594594594594,0.2513513513513514,5.005405405405405,3.451351351351351
Iris-versicolor,4.2925,1.3225000000000002,6.01,2.8049999999999993
Iris-virginica,5.626829268292683,2.0585365853658533,6.636585365853658,2.9951219512195117
