Class,Prior Probability
Iris-setosa,0.3135593220338983
Iris-versicolor,0.3389830508474576
Iris-virginica,0.3474576271186441
