,petal length,petal width,sepal length,sepal width
Iris-setosa,0.0315997109364124,0.010065744537581134,0.12483564957775643,0.12303871751055409
Iris-versicolor,0.17669375312048838,0.037743753120488374,0.2564000031204884,0.09547500312048836
Iris-virginica,0.2756216568980017,0.07071981275760908,0.3798810263209643,0.10924450044351036
